b01_bobbytravel_attractions	https://bobbytravel.tw/fukuoka-attractions/
b02_bobbytravel_travel	https://bobbytravel.tw/fukuoka-travel/
b03_carolblog	https://carolblog.tw/fukuoka/
b04_gofunit_spots	https://gofunit.com/%E7%A6%8F%E5%B2%A1%E6%99%AF%E9%BB%9E/
b05_gogojp	https://gogojp.tw/fukuoka-spot/
b06_mimigo_trip	https://mimigo.tw/fukuoka-trip/
b07_minako_travel	https://minako.tw/fukuoka-travel/
b08_vivian_attr	https://vivianexplore.tw/fukuoka-attractions/
b09_letsgojp_350621	https://kyushu.letsgojp.com/archives/350621/
b10_letsgojp_692650	https://kyushu.letsgojp.com/archives/692650/
b11_funliday_5days	https://www.funliday.com/posts/fukouka-5days/
b12_funliday_attr	https://www.funliday.com/posts/fukuoka-attractions/
b13_funliday_1day	https://www.funliday.com/posts/fukuoka-1daytrip/
b14_kkday_117569	https://www.kkday.com/zh-hk/blog/117569/2025%E7%A6%8F%E5%B2%A1%E8%87%AA%E7%94%B1%E8%A1%8C%E4%B8%80%E7%AF%87%E6%90%9E%E5%AE%9A%E7%A6%8F%E5%B2%A1%E6%99%AF%E9%BB%9E%E7%BE%8E%E9%A3%9F%E4%BA%A4%E9%80%9A
b15_kkday_126996	https://www.kkday.com/zh-hk/blog/126996/fukuoka-5days-4nights-guide
b16_kkday_68699	https://www.kkday.com/zh-hk/blog/68699/fukuoka-attractions
b17_klook_tw_top10	https://www.klook.com/zh-TW/blog/tip-top-10-spots-fukuoka-japan/
b18_klook_hk	https://www.klook.com/zh-HK/blog/%E7%A6%8F%E5%B2%A1%E8%87%AA%E7%94%B1%E8%A1%8C-%E6%99%AF%E9%BB%9E%E6%8E%A8%E4%BB%8B/
b19_ryansdaily_itin	https://www.ryansdaily.com/fukuoka-itinerary/
b20_massi_kyushu	https://massi.tw/kyushu-travel-itinerary/
b21_mimihan_kyushu	https://mimihan.tw/kyushu-travel/
b22_littlewave	https://littlewave-travel.com/post-342754733-%E3%80%90%E7%A6%8F%E5%B2%A1%E6%87%B6%E4%BA%BA%E5%8C%85%E3%80%91%E7%A6%8F%E5%B2%A15%E6%97%A54%E5%A4%9C%E8%A1%8C%E7%A8%8B%E6%94%BB%E7%95%A5-%E6%99%AF%E9%BB%9E-%E9%85%92/
b23_utravel_11	https://utravel.com.hk/news/detail/20010491/x
b24_imtravelholic	https://imtravelholic.com/japan_travel/japan_travel_tips/12668/%E7%A6%8F%E5%B2%A1%E8%87%AA%E7%94%B1%E8%A1%8C%E8%A1%8C%E7%A8%8B%E4%BA%A4%E9%80%9A%E6%99%AF%E9%BB%9E/
b25_gofunit_yanagawa	https://gofunit.com/%E6%9F%B3%E5%B7%9D%E5%A4%AA%E5%AE%B0%E5%BA%9C%E4%B8%80%E6%97%A5%E9%81%8A/
b26_thebeverly_dazaifu	https://thebeverlygarden.com/japan/kyushu/fukuoka/dazaifu/
b27_bringyou_yanagawa	https://www.bring-you.info/zh-tw/yanagawa-travel-guide
b28_journey_yanagawa	https://journey.tw/go-yanagawa/
b29_funtime	https://www.funtime.com.tw/blog/funtime/fukuoka-attractions-good
b30_gltjp	https://www.gltjp.com/zh-hant/article/item/20187/
